year,extent_million_km2,area_million_km2
1979,3.14,2.11
1980,2.82,1.85
1981,2.87,1.74
1982,3.13,1.86
1983,3.07,1.91
1984,2.68,1.75
1985,2.84,1.83
1986,3.19,2.0
1987,3.25,2.0
1988,2.89,1.9
1989,2.98,2.03
1990,3.04,2.21
1991,3.16,2.09
1992,2.84,1.86
1993,2.48,1.37
1994,3.2,2.22
1995,3.56,2.19
1996,2.98,1.77
1997,2.49,1.72
1998,2.99,1.87
1999,2.97,1.77
2000,2.91,1.72
2001,3.65,2.44
2002,2.96,1.82
2003,3.79,2.66
2004,3.58,2.36
2005,2.97,1.97
2006,2.65,1.76
2007,2.9,1.94
2008,3.89,2.4
2009,2.99,1.97
2010,3.11,2.11
2011,2.52,1.86
2012,3.55,2.19
2013,3.84,2.58
2014,3.84,2.65
2015,3.8,2.54
2016,2.79,1.86
2017,2.29,1.64
2018,2.33,1.63
2019,2.65,1.81
2020,2.92,1.83
2021,2.89,1.72
2022,2.21,1.38
2023,1.98,1.19
2024,2.19,1.54
2025,2.22,1.37
2026,2.91,1.86
