date,air_temp_c,wind_speed_ms,relative_humidity_pct
2026-01-01,-3.7,8.1,64
2026-01-02,-3.2,4.4,55
2026-01-03,-3.7,11.0,82
2026-01-04,-3.4,10.0,62
2026-01-05,-2.2,10.0,70
2026-01-06,-0.9,10.8,
2026-01-07,-3.6,5.1,68
2026-01-08,-2.5,7.9,62
2026-01-09,-1.7,7.7,73
2026-01-10,-1.5,12.1,76
2026-01-11,-1.5,7.4,60
2026-01-12,-0.9,6.4,63
2026-01-13,-2.6,4.1,85
2026-01-14,-1.8,6.7,83
2026-01-15,-2.6,7.0,68
2026-01-16,0.1,5.1,66
2026-01-17,-0.8,13.0,79
2026-01-18,0.6,10.4,62
2026-01-19,-1.1,8.5,71
2026-01-20,0.2,8.1,58
2026-01-21,-1.7,12.3,71
2026-01-22,-1.8,9.4,67
2026-01-23,-0.5,10.4,
2026-01-24,-1.1,11.2,85
2026-01-25,0.3,9.1,71
2026-01-26,0.6,10.0,84
2026-01-27,-1.1,9.7,63
2026-01-28,-2.1,12.4,59
2026-01-29,-1.6,7.2,84
2026-01-30,0.5,5.5,70
2026-01-31,-2.1,10.2,77
2026-02-01,0.4,10.5,62
2026-02-02,-1.6,9.5,70
2026-02-03,-2.1,9.0,63
2026-02-04,-0.3,9.0,70
2026-02-05,-0.2,10.0,78
2026-02-06,-0.4,6.2,64
2026-02-07,-1.4,11.3,60
2026-02-08,-1.8,8.5,64
2026-02-09,-1.3,11.7,
2026-02-10,-1.1,10.8,71
2026-02-11,-3.1,4.8,70
2026-02-12,-3.8,9.2,69
2026-02-13,-2.7,5.6,61
2026-02-14,-2.1,8.3,81
2026-02-15,-2.3,6.7,58
2026-02-16,-2.9,12.2,80
2026-02-17,-4.2,4.8,81
2026-02-18,-2.7,5.0,74
2026-02-19,-3.5,6.2,74
2026-02-20,-3.0,9.4,82
2026-02-21,-3.5,4.2,80
2026-02-22,-3.9,10.3,78
2026-02-23,-3.8,10.6,78
2026-02-24,-3.8,11.9,78
2026-02-25,-4.1,5.2,79
2026-02-26,-4.6,8.1,
2026-02-27,-5.9,8.4,72
2026-02-28,-5.9,11.0,59
