month,sea_ice_index,anomaly_index
2020-01,29.61,0.00
2020-02,22.27,-0.24
2020-03,15.88,1.99
2020-04,16.92,-0.92
2020-05,30.17,0.51
2020-06,48.94,-1.77
2020-07,69.74,0.23
2020-08,78.67,-1.89
2020-09,82.48,-1.93
2020-10,80.46,1.77
2020-11,67.62,-0.18
2020-12,48.62,-1.60
2021-01,30.43,0.90
2021-02,20.43,-1.58
2021-03,14.14,-1.58
2021-04,18.51,-0.52
2021-05,31.07,-0.84
2021-06,51.12,0.31
2021-07,69.83,0.46
2021-08,82.35,0.12
2021-09,87.27,-1.46
2021-10,83.05,-1.66
2021-11,64.65,-0.54
2021-12,47.08,-1.34
2022-01,35.41,1.10
2022-02,20.44,-1.97
2022-03,16.73,-0.57
2022-04,18.96,-1.49
2022-05,29.89,1.37
2022-06,47.98,0.76
2022-07,65.13,-0.36
2022-08,78.89,-1.02
2022-09,83.00,1.75
2022-10,78.58,-1.87
2022-11,68.38,-1.39
2022-12,51.21,-0.74
2023-01,29.70,-0.98
2023-02,16.91,-0.34
2023-03,16.46,1.27
2023-04,22.19,-0.22
2023-05,31.23,-1.72
2023-06,50.29,1.66
2023-07,66.59,1.51
2023-08,79.51,0.69
2023-09,86.17,-2.00
2023-10,82.57,1.46
2023-11,64.95,-0.15
2023-12,49.18,1.67
2024-01,32.26,-1.60
2024-02,19.82,0.75
2024-03,13.75,0.48
2024-04,18.11,-1.00
2024-05,33.23,1.04
2024-06,47.32,-1.71
2024-07,66.18,-0.58
2024-08,77.80,-0.21
2024-09,84.87,-0.35
2024-10,79.57,-0.16
2024-11,67.24,0.02
2024-12,47.26,1.57
2025-01,30.10,-1.73
2025-02,20.11,1.26
2025-03,15.91,-0.29
2025-04,17.86,1.04
2025-05,34.84,0.58
2025-06,48.63,0.98
2025-07,67.26,-0.04
2025-08,82.99,0.14
2025-09,83.23,-1.49
2025-10,81.10,1.65
2025-11,68.41,-0.52
2025-12,47.26,1.34
